id,name,address,workHours
1,Dasya,8285 Blue Bill Park Park,1
2,Reinhard,50 Dixon Alley,10
3,Toni,83209 Stephen Way,178
4,Blanche,550 Katie Lane,145
5,Yasmin,205 Barnett Junction,101
6,Adriena,248 Darwin Parkway,199
7,Corinna,83368 Dixon Park,134
8,Celestina,21 Merrick Center,188
9,Roger,526 Steensland Lane,191
10,Perkin,54 Superior Plaza,80
11,Coop,50 Fremont Center,119
12,Casar,875 Manitowish Hill,229
13,Vittorio,4495 4th Road,199
14,Maddy,07 Hooker Point,222
15,Yanaton,72 Mcbride Park,111
16,Tobit,9422 Park Meadow Park,237
17,Minni,71846 Holy Cross Terrace,166
18,Robbyn,86 Talmadge Circle,205
19,Ricky,92 Vernon Avenue,184
20,Noach,317 Knutson Point,87
21,Hershel,1932 Ohio Avenue,98
22,Coleman,0790 Atwood Center,84
23,Dory,12391 Burrows Park,175
24,Henrieta,1475 Cody Parkway,238
25,Sandy,91 Fieldstone Lane,238
26,Salomon,0 Novick Avenue,166
27,Sallyanne,56 Bultman Avenue,81
28,Dasha,246 Anhalt Plaza,106
29,Reyna,0 Northridge Way,116
30,Dianemarie,484 Jackson Crossing,128
31,Creigh,080 Cardinal Center,212
32,Valaree,395 Melvin Junction,155
33,Klemens,74 Meadow Vale Avenue,180
34,Morissa,97 Meadow Ridge Road,205
35,Ryley,6342 Farragut Road,186
36,Jamie,871 Corben Terrace,239
37,Rafaelita,1491 Glendale Street,234
38,Evonne,895 Roth Place,192
39,Torr,11833 2nd Alley,164
40,Bryanty,49378 Mandrake Avenue,82
41,Lilyan,7984 Portage Plaza,131
42,Jemimah,884 Nobel Junction,204
43,Richie,2 Pennsylvania Avenue,186
44,Ruthie,0062 Shoshone Drive,212
45,Misti,4396 Arapahoe Park,224
46,Correy,0 Springs Drive,119
47,Lonnie,121 Everett Crossing,90
48,Maryl,92482 Golf Course Plaza,112
49,Les,7222 Memorial Center,175
50,Abbie,8 Almo Hill,136
51,Fabe,7 3rd Circle,131
52,Meredith,0 Golden Leaf Parkway,212
53,Anthia,2 Dennis Alley,107
54,Annabella,902 Northland Terrace,89
55,Ellyn,02393 Orin Parkway,129
56,Celestina,415 Stuart Parkway,88
57,Juliana,040 Golf Course Crossing,219
58,Guenna,31 Pond Road,187
59,Delila,43622 Chive Way,93
60,Aldrich,9 Esker Terrace,223
61,Dex,4 Lyons Point,189
62,Giordano,57043 Washington Lane,208
63,Jacquie,145 Vidon Way,214
64,Philipa,3 Susan Point,113
65,Gerta,9382 Riverside Alley,194
66,Alexi,48 Shoshone Alley,175
67,Kathleen,64612 Fuller Center,165
68,Ambrosi,325 Prairieview Park,208
69,Tremain,0 Acker Avenue,156
70,Dianemarie,79316 Fairfield Hill,94
71,Madelaine,8633 Dakota Road,197
72,Leif,913 Anzinger Alley,209
73,Algernon,12 Portage Road,104
74,Lucila,274 Maywood Pass,161
75,Tammie,8596 Morrow Court,222
76,Harcourt,99 Grover Circle,213
77,Teodoro,3 Transport Hill,93
78,Costa,94 Hauk Circle,148
79,Tandie,2 Oneill Plaza,133
80,Oswell,078 Cambridge Place,184
81,Parrnell,86 Michigan Junction,190
82,Fons,549 Fuller Park,106
83,Filide,80671 Scott Alley,234
84,Annnora,3111 Upham Way,141
85,Francoise,86 Dennis Court,222
86,Esra,1 Charing Cross Hill,192
87,Vanda,954 Chive Street,229
88,Lissy,68 Cascade Lane,116
89,Stirling,9 Susan Hill,150
90,Matthias,41660 East Point,116
91,Alexio,7273 Karstens Terrace,218
92,Dylan,3906 Porter Park,99
93,Xavier,0924 Ridge Oak Lane,83
94,Cristabel,474 Stang Drive,116
95,Tades,5481 Sheridan Way,126
96,Rodger,90106 South Circle,156
97,Ilyssa,2510 Johnson Hill,114
98,Whit,121 Talmadge Trail,128
99,Ash,35867 Mayfield Pass,115
100,Deonne,68752 Weeping Birch Alley,129
